consulta,documento,Lorenzo,Arthur_Davino,Luis_Felipe
q01,san_020f4d07d6,1,0,0
q01,san_31603f8e29,1,0,0
q01,san_787b827e51,1,2,2
q01,san_80730b79b7,0,2,0
q01,san_89a217bd1e,2,1,2
q01,sv_b8d2c80da5,0,0,2
q02,sv_5c24dc7807,1,2,2
q02,sv_651336a6c4,1,0,0
q02,sv_70b5fb2a9e,0,1,0
q02,sv_b8d2c80da5,1,2,2
q02,sv_df847bdd1e,0,1,0
q03,cub_1da16ed809,0,1,1
q03,cub_6d1fba4452,0,2,2
q03,cub_a8c8d09197,1,0,0
q03,cub_f1b81aa0f5,1,2,2
q03,cub_fc3831b491,0,0,1
q04,san_020f4d07d6,1,1,0
q04,san_9bf8c04af8,1,0,0
q04,san_a3bc6528b8,0,0,1
q05,san_1e22505f02,0,1,0
q05,sv_70b5fb2a9e,1,2,1
q05,sv_758239684f,0,2,1
q05,sv_76fb162dab,1,0,0
