consulta,documento,grau,juiz,timestamp,segundos
q03,cub_1da16ed809,0,Lorenzo,2026-09-25T13:34:44Z,457
q04,san_3aaeb02bda,0,Lorenzo,2026-09-25T13:37:22Z,158
q02,cub_44c4c9211a,0,Lorenzo,2026-09-25T13:37:33Z,11
q05,sv_5c24dc7807,2,Lorenzo,2026-09-25T13:45:45Z,492
q02,sv_5c24dc7807,1,Lorenzo,2026-09-25T13:47:59Z,135
q01,san_89a217bd1e,2,Lorenzo,2026-09-25T13:48:49Z,49
q04,san_d06e01a2a9,0,Lorenzo,2026-09-25T13:49:21Z,32
q04,san_b074cda9ae,2,Lorenzo,2026-09-25T13:50:12Z,51
q04,cub_753014eb08,0,Lorenzo,2026-09-25T13:50:46Z,34
q04,san_020f4d07d6,1,Lorenzo,2026-09-25T13:51:15Z,28
q05,sv_f53d4c2ca0,1,Lorenzo,2026-09-25T13:51:54Z,40
q05,sv_b8d2c80da5,0,Lorenzo,2026-09-25T13:52:24Z,30
q01,sv_b8d2c80da5,0,Lorenzo,2026-09-25T13:52:30Z,5
q01,san_31603f8e29,1,Lorenzo,2026-09-25T13:52:58Z,29
q04,cub_bbb41b2d84,0,Lorenzo,2026-09-25T13:53:06Z,7
q04,san_747103ae89,0,Lorenzo,2026-09-25T13:53:14Z,9
q04,cub_046cac2e01,0,Lorenzo,2026-09-25T13:53:19Z,5
q02,sv_5a4697c836,0,Lorenzo,2026-09-25T13:53:25Z,7
q03,cub_c54949bb09,0,Lorenzo,2026-09-25T13:56:55Z,210
q01,san_787b827e51,1,Lorenzo,2026-09-25T13:57:39Z,43
q05,san_1b178c7457,0,Lorenzo,2026-09-25T13:57:46Z,7
q04,cub_89803e0d22,0,Lorenzo,2026-09-25T13:57:54Z,8
q02,sv_df847bdd1e,0,Lorenzo,2026-09-25T13:58:08Z,14
q03,cub_f1b81aa0f5,1,Lorenzo,2026-09-25T13:58:23Z,16
q02,sv_b8d2c80da5,1,Lorenzo,2026-09-25T13:59:00Z,36
q04,san_a3bc6528b8,0,Lorenzo,2026-09-25T13:59:18Z,19
q01,san_b43ef5a7e1,0,Lorenzo,2026-09-25T13:59:27Z,9
q03,cub_046cac2e01,0,Lorenzo,2026-09-25T14:00:50Z,83
q04,cub_81ad47f21e,0,Lorenzo,2026-09-25T14:00:54Z,4
q04,san_7405abc167,0,Lorenzo,2026-09-25T14:02:59Z,125
q01,sv_651336a6c4,0,Lorenzo,2026-09-25T14:03:02Z,4
q03,cub_7521b479c8,0,Lorenzo,2026-09-25T14:03:15Z,13
q04,san_787b827e51,0,Lorenzo,2026-09-25T14:03:53Z,37
q04,cub_93be0b43c3,0,Lorenzo,2026-09-25T14:03:56Z,4
q02,san_210fda9d50,0,Lorenzo,2026-09-25T14:04:01Z,5
q03,cub_0c499fd134,0,Lorenzo,2026-09-25T14:04:45Z,44
q04,san_0361932d96,0,Lorenzo,2026-09-25T14:05:00Z,14
q04,san_b5cecbea4a,0,Lorenzo,2026-09-25T14:05:40Z,41
q02,sv_651336a6c4,1,Lorenzo,2026-09-25T14:06:18Z,38
q04,san_4440885b30,0,Lorenzo,2026-09-25T14:06:52Z,34
q05,san_9b8754f5b2,0,Lorenzo,2026-09-25T14:07:15Z,23
q05,cub_89803e0d22,0,Lorenzo,2026-09-25T14:07:26Z,11
q05,sv_e795fc704f,2,Lorenzo,2026-09-25T14:09:21Z,115
q03,san_fa9ae68e1f,0,Lorenzo,2026-09-25T14:09:44Z,23
q03,cub_a8c8d09197,1,Lorenzo,2026-09-25T14:10:30Z,46
q01,sv_758239684f,0,Lorenzo,2026-09-25T14:10:35Z,5
q02,sv_6d5727fb12,1,Lorenzo,2026-09-25T14:10:58Z,23
q04,san_0682797135,0,Lorenzo,2026-09-25T14:11:07Z,9
q01,san_802383566c,0,Lorenzo,2026-09-25T14:11:09Z,2
q01,cub_753014eb08,0,Lorenzo,2026-09-25T14:11:12Z,3
q04,san_de3c1433fb,0,Lorenzo,2026-09-25T14:11:41Z,29
q05,sv_70b5fb2a9e,1,Lorenzo,2026-09-25T14:13:36Z,115
q02,san_8041328d59,0,Lorenzo,2026-09-25T14:13:43Z,8
q03,cub_fc3831b491,0,Lorenzo,2026-09-25T14:13:49Z,6
q05,cub_0767082add,0,Lorenzo,2026-09-25T14:13:53Z,4
q01,sv_81789aaee1,0,Lorenzo,2026-09-25T14:13:56Z,3
q01,cub_93be0b43c3,0,Lorenzo,2026-09-25T14:14:01Z,5
q05,cub_a8c8d09197,0,Lorenzo,2026-09-25T14:14:05Z,4
q04,san_802383566c,0,Lorenzo,2026-09-25T14:14:18Z,12
q01,san_80730b79b7,0,Lorenzo,2026-09-25T14:15:10Z,53
q02,san_1b34499bbc,0,Lorenzo,2026-09-25T14:15:24Z,13
q03,cub_75632e5681,0,Lorenzo,2026-09-25T14:15:41Z,17
q03,cub_438f3ae0cb,0,Lorenzo,2026-09-25T14:15:47Z,6
q04,cub_b4e7969f47,0,Lorenzo,2026-09-25T14:15:51Z,4
q03,cub_5fd1d7160a,0,Lorenzo,2026-09-25T14:16:01Z,10
q05,sv_758239684f,0,Lorenzo,2026-09-25T14:16:11Z,10
q04,san_b43ef5a7e1,0,Lorenzo,2026-09-25T14:16:20Z,9
q02,sv_70b5fb2a9e,0,Lorenzo,2026-09-25T14:16:29Z,9
q05,san_80730b79b7,0,Lorenzo,2026-09-25T14:16:37Z,8
q03,cub_6d1fba4452,0,Lorenzo,2026-09-25T14:16:59Z,22
q02,san_e71bfcf08a,0,Lorenzo,2026-09-25T14:17:02Z,2
q01,san_b93b880263,0,Lorenzo,2026-09-25T14:17:06Z,4
q01,cub_046cac2e01,0,Lorenzo,2026-09-25T14:17:10Z,4
q04,san_58f59b6a30,0,Lorenzo,2026-09-25T14:17:19Z,9
q05,san_1e22505f02,0,Lorenzo,2026-09-25T14:17:37Z,18
q02,san_3f6b262b49,0,Lorenzo,2026-09-25T14:17:42Z,5
q02,cub_b4e7969f47,0,Lorenzo,2026-09-25T14:17:51Z,9
q04,san_02f9f8cb9a,0,Lorenzo,2026-09-25T14:18:01Z,11
q04,san_31603f8e29,0,Lorenzo,2026-09-25T14:18:07Z,6
q05,sv_76fb162dab,1,Lorenzo,2026-09-25T14:18:22Z,14
q05,san_2b0dc06538,0,Lorenzo,2026-09-25T14:18:25Z,3
q05,cub_6d1fba4452,0,Lorenzo,2026-09-25T14:18:29Z,4
q04,san_9bf8c04af8,1,Lorenzo,2026-09-25T14:20:56Z,148
q03,cub_3aa38bc5f7,0,Lorenzo,2026-09-25T14:21:05Z,8
q01,cub_89803e0d22,0,Lorenzo,2026-09-25T14:21:10Z,5
q01,cub_81ad47f21e,0,Lorenzo,2026-09-25T14:21:14Z,4
q01,san_020f4d07d6,1,Lorenzo,2026-09-25T14:23:21Z,128
q01,san_802383566c,0,Arthur Davino,2026-09-25T13:48:27Z,6
q04,san_b5cecbea4a,0,Arthur Davino,2026-09-25T13:48:30Z,3
q05,san_1e22505f02,1,Arthur Davino,2026-09-25T13:48:32Z,1
q01,san_31603f8e29,0,Arthur Davino,2026-09-25T13:48:57Z,26
q05,cub_6d1fba4452,0,Arthur Davino,2026-09-25T13:49:01Z,4
q01,cub_81ad47f21e,0,Arthur Davino,2026-09-25T13:49:03Z,2
q01,san_89a217bd1e,1,Arthur Davino,2026-09-25T13:49:11Z,8
q01,san_b43ef5a7e1,0,Arthur Davino,2026-09-25T13:49:20Z,9
q03,cub_f1b81aa0f5,2,Arthur Davino,2026-09-25T13:49:44Z,24
q01,sv_651336a6c4,0,Arthur Davino,2026-09-25T13:49:47Z,3
q01,san_787b827e51,2,Arthur Davino,2026-09-25T13:50:03Z,17
q02,sv_5c24dc7807,2,Arthur Davino,2026-09-25T13:50:10Z,7
q02,sv_5a4697c836,0,Arthur Davino,2026-09-25T13:50:20Z,11
q02,san_3f6b262b49,0,Arthur Davino,2026-09-25T13:50:23Z,3
q02,san_1b34499bbc,0,Arthur Davino,2026-09-25T13:50:25Z,2
q05,sv_5c24dc7807,2,Arthur Davino,2026-09-25T13:50:35Z,10
q05,sv_e795fc704f,2,Arthur Davino,2026-09-25T13:50:44Z,9
q04,san_020f4d07d6,1,Arthur Davino,2026-09-25T13:50:57Z,13
q04,san_802383566c,0,Arthur Davino,2026-09-25T13:51:08Z,11
q03,cub_438f3ae0cb,0,Arthur Davino,2026-09-25T13:51:14Z,6
q04,san_d06e01a2a9,0,Arthur Davino,2026-09-25T13:53:18Z,124
q04,san_7405abc167,0,Arthur Davino,2026-09-25T13:53:53Z,36
q04,san_b074cda9ae,2,Arthur Davino,2026-09-25T13:54:16Z,23
q04,san_9bf8c04af8,0,Arthur Davino,2026-09-25T13:54:24Z,8
q04,cub_89803e0d22,0,Arthur Davino,2026-09-25T13:54:26Z,2
q04,san_58f59b6a30,0,Arthur Davino,2026-09-25T13:55:29Z,63
q04,cub_753014eb08,0,Arthur Davino,2026-09-25T13:55:33Z,5
q05,san_2b0dc06538,0,Arthur Davino,2026-09-25T13:55:37Z,3
q04,san_a3bc6528b8,0,Arthur Davino,2026-09-25T13:55:46Z,9
q03,cub_0c499fd134,0,Arthur Davino,2026-09-25T13:56:33Z,47
q04,san_de3c1433fb,0,Arthur Davino,2026-09-25T13:57:06Z,34
q02,sv_70b5fb2a9e,1,Arthur Davino,2026-09-25T13:57:11Z,5
q02,san_210fda9d50,0,Arthur Davino,2026-09-25T13:57:15Z,4
q05,sv_f53d4c2ca0,1,Arthur Davino,2026-09-25T13:57:21Z,6
q03,cub_7521b479c8,0,Arthur Davino,2026-09-25T13:57:29Z,8
q02,cub_44c4c9211a,0,Arthur Davino,2026-09-25T13:57:32Z,3
q01,cub_046cac2e01,0,Arthur Davino,2026-09-25T13:57:33Z,2
q03,cub_1da16ed809,1,Arthur Davino,2026-09-25T13:57:45Z,12
q01,cub_89803e0d22,0,Arthur Davino,2026-09-25T13:57:47Z,2
q03,cub_a8c8d09197,0,Arthur Davino,2026-09-25T13:58:31Z,43
q03,cub_6d1fba4452,2,Arthur Davino,2026-09-25T13:58:36Z,6
q03,cub_046cac2e01,0,Arthur Davino,2026-09-25T13:58:46Z,9
q05,cub_a8c8d09197,0,Arthur Davino,2026-09-25T13:58:59Z,13
q05,cub_0767082add,0,Arthur Davino,2026-09-25T13:59:01Z,2
q04,san_4440885b30,0,Arthur Davino,2026-09-25T13:59:07Z,6
q02,sv_651336a6c4,0,Arthur Davino,2026-09-25T13:59:15Z,8
q02,sv_b8d2c80da5,2,Arthur Davino,2026-09-25T13:59:22Z,7
q05,cub_89803e0d22,0,Arthur Davino,2026-09-25T13:59:26Z,4
q04,san_0682797135,0,Arthur Davino,2026-09-25T13:59:31Z,6
q03,cub_c54949bb09,0,Arthur Davino,2026-09-25T13:59:39Z,8
q04,cub_b4e7969f47,0,Arthur Davino,2026-09-25T13:59:43Z,4
q02,san_8041328d59,0,Arthur Davino,2026-09-25T13:59:45Z,2
q03,cub_5fd1d7160a,0,Arthur Davino,2026-09-25T13:59:59Z,13
q02,sv_df847bdd1e,1,Arthur Davino,2026-09-25T14:00:09Z,11
q03,cub_75632e5681,0,Arthur Davino,2026-09-25T14:00:15Z,6
q04,san_b43ef5a7e1,0,Arthur Davino,2026-09-25T14:00:21Z,6
q05,sv_70b5fb2a9e,2,Arthur Davino,2026-09-25T14:00:32Z,11
q01,san_80730b79b7,2,Arthur Davino,2026-09-25T14:00:37Z,4
q01,sv_81789aaee1,0,Arthur Davino,2026-09-25T14:00:39Z,3
q01,cub_93be0b43c3,0,Arthur Davino,2026-09-25T14:00:40Z,1
q05,san_9b8754f5b2,0,Arthur Davino,2026-09-25T14:00:42Z,2
q05,sv_758239684f,2,Arthur Davino,2026-09-25T14:01:21Z,38
q05,sv_b8d2c80da5,0,Arthur Davino,2026-09-25T14:02:04Z,43
q01,san_020f4d07d6,0,Arthur Davino,2026-09-25T14:02:16Z,12
q04,cub_93be0b43c3,0,Arthur Davino,2026-09-25T14:02:19Z,3
q04,cub_81ad47f21e,0,Arthur Davino,2026-09-25T14:02:21Z,2
q01,cub_753014eb08,0,Arthur Davino,2026-09-25T14:02:23Z,2
q03,san_fa9ae68e1f,0,Arthur Davino,2026-09-25T14:02:25Z,2
q01,sv_758239684f,0,Arthur Davino,2026-09-25T14:02:39Z,14
q01,san_b93b880263,0,Arthur Davino,2026-09-25T14:02:43Z,4
q03,cub_fc3831b491,0,Arthur Davino,2026-09-25T14:02:57Z,13
q04,san_787b827e51,0,Arthur Davino,2026-09-25T14:03:52Z,55
q02,san_e71bfcf08a,0,Arthur Davino,2026-09-25T14:03:56Z,4
q05,san_80730b79b7,0,Arthur Davino,2026-09-25T14:03:59Z,2
q04,cub_046cac2e01,0,Arthur Davino,2026-09-25T14:04:01Z,3
q04,san_747103ae89,0,Arthur Davino,2026-09-25T14:04:06Z,5
q05,sv_76fb162dab,0,Arthur Davino,2026-09-25T14:04:12Z,6
q02,sv_6d5727fb12,1,Arthur Davino,2026-09-25T14:04:22Z,1
q02,cub_b4e7969f47,0,Arthur Davino,2026-09-25T14:04:25Z,3
q05,san_1b178c7457,0,Arthur Davino,2026-09-25T14:04:28Z,3
q04,san_0361932d96,0,Arthur Davino,2026-09-25T14:04:31Z,3
q01,sv_b8d2c80da5,0,Arthur Davino,2026-09-25T14:04:33Z,2
q04,san_3aaeb02bda,0,Arthur Davino,2026-09-25T14:04:38Z,5
q04,san_02f9f8cb9a,0,Arthur Davino,2026-09-25T14:04:43Z,5
q04,cub_bbb41b2d84,0,Arthur Davino,2026-09-25T14:04:53Z,10
q04,san_31603f8e29,0,Arthur Davino,2026-09-25T14:05:01Z,8
q03,cub_3aa38bc5f7,0,Arthur Davino,2026-09-25T14:06:04Z,63
q03,cub_438f3ae0cb,0,Arthur Davino_p2,2026-09-25T14:10:48Z,13
q05,san_9b8754f5b2,0,Arthur Davino_p2,2026-09-25T14:11:14Z,8
q04,san_d06e01a2a9,0,Arthur Davino_p2,2026-09-25T14:11:26Z,12
q04,san_a3bc6528b8,0,Arthur Davino_p2,2026-09-25T14:11:30Z,4
q04,cub_81ad47f21e,0,Arthur Davino_p2,2026-09-25T14:12:39Z,69
q01,san_020f4d07d6,0,Arthur Davino_p2,2026-09-25T14:12:46Z,8
q04,san_7405abc167,0,Arthur Davino_p2,2026-09-25T14:13:37Z,51
q04,san_9bf8c04af8,0,Arthur Davino_p2,2026-09-25T14:14:06Z,18
q04,san_0682797135,0,Arthur Davino_p2,2026-09-25T14:14:32Z,26
q05,cub_6d1fba4452,0,Arthur Davino_p2,2026-09-25T14:14:41Z,8
q05,sv_f53d4c2ca0,2,Arthur Davino_p2,2026-09-25T14:14:45Z,4
q04,cub_046cac2e01,0,Arthur Davino_p2,2026-09-25T14:14:51Z,6
q04,san_b43ef5a7e1,0,Arthur Davino_p2,2026-09-25T14:14:55Z,4
q01,san_b43ef5a7e1,0,Arthur Davino_p2,2026-09-25T14:15:00Z,5
q04,cub_93be0b43c3,0,Arthur Davino_p2,2026-09-25T14:15:04Z,4
q05,san_2b0dc06538,0,Arthur Davino_p2,2026-09-25T14:15:06Z,2
q04,san_3aaeb02bda,0,Arthur Davino_p2,2026-09-25T14:15:11Z,5
q05,sv_70b5fb2a9e,1,Arthur Davino_p2,2026-09-25T14:13:48Z,1
q01,san_802383566c,0,Luís Felipe,2026-09-25T14:09:55Z,91
q04,san_b5cecbea4a,0,Luís Felipe,2026-09-25T14:10:24Z,30
q05,san_1e22505f02,0,Luís Felipe,2026-09-25T14:11:16Z,51
q01,san_31603f8e29,0,Luís Felipe,2026-09-25T14:11:44Z,28
q05,cub_6d1fba4452,0,Luís Felipe,2026-09-25T14:12:21Z,37
q01,cub_81ad47f21e,0,Luís Felipe,2026-09-25T14:12:46Z,25
q01,san_89a217bd1e,2,Luís Felipe,2026-09-25T14:13:24Z,38
q01,san_b43ef5a7e1,0,Luís Felipe,2026-09-25T14:13:52Z,28
q03,cub_f1b81aa0f5,2,Luís Felipe,2026-09-25T14:14:11Z,19
q01,sv_651336a6c4,0,Luís Felipe,2026-09-25T14:14:50Z,39
q01,san_787b827e51,2,Luís Felipe,2026-09-25T14:15:41Z,51
q02,sv_5c24dc7807,2,Luís Felipe,2026-09-25T14:16:04Z,23
q02,sv_5a4697c836,0,Luís Felipe,2026-09-25T14:16:25Z,21
q02,san_3f6b262b49,0,Luís Felipe,2026-09-25T14:16:56Z,31
q02,san_1b34499bbc,0,Luís Felipe,2026-09-25T14:17:21Z,26
q05,sv_5c24dc7807,2,Luís Felipe,2026-09-25T14:17:43Z,22
q05,sv_e795fc704f,2,Luís Felipe,2026-09-25T14:18:06Z,23
q04,san_020f4d07d6,0,Luís Felipe,2026-09-25T14:18:37Z,31
q04,san_802383566c,0,Luís Felipe,2026-09-25T14:19:50Z,73
q03,cub_438f3ae0cb,0,Luís Felipe,2026-09-25T14:20:12Z,21
q04,san_d06e01a2a9,0,Luís Felipe,2026-09-25T14:20:33Z,21
q04,san_7405abc167,0,Luís Felipe,2026-09-25T14:20:51Z,18
q04,san_b074cda9ae,2,Luís Felipe,2026-09-25T14:21:12Z,21
q04,san_9bf8c04af8,0,Luís Felipe,2026-09-25T14:21:30Z,18
q04,cub_89803e0d22,0,Luís Felipe,2026-09-25T14:21:52Z,22
q04,san_58f59b6a30,0,Luís Felipe,2026-09-25T14:22:13Z,21
q04,cub_753014eb08,0,Luís Felipe,2026-09-25T14:22:34Z,21
q05,san_2b0dc06538,0,Luís Felipe,2026-09-25T14:22:56Z,22
q04,san_a3bc6528b8,1,Luís Felipe,2026-09-25T14:23:19Z,23
q03,cub_0c499fd134,0,Luís Felipe,2026-09-25T14:23:37Z,18
q04,san_de3c1433fb,0,Luís Felipe,2026-09-25T14:23:58Z,22
q02,sv_70b5fb2a9e,0,Luís Felipe,2026-09-25T14:24:49Z,51
q02,san_210fda9d50,0,Luís Felipe,2026-09-25T14:25:08Z,19
q05,sv_f53d4c2ca0,1,Luís Felipe,2026-09-25T14:25:28Z,20
q03,cub_7521b479c8,0,Luís Felipe,2026-09-25T14:26:55Z,86
q02,cub_44c4c9211a,0,Luís Felipe,2026-09-25T14:27:15Z,20
q01,cub_046cac2e01,0,Luís Felipe,2026-09-25T14:27:45Z,30
q03,cub_1da16ed809,1,Luís Felipe,2026-09-25T14:28:13Z,28
q01,cub_89803e0d22,0,Luís Felipe,2026-09-25T14:28:34Z,21
q03,cub_a8c8d09197,0,Luís Felipe,2026-09-25T14:28:56Z,22
q03,cub_6d1fba4452,2,Luís Felipe,2026-09-25T14:29:15Z,20
q03,cub_046cac2e01,0,Luís Felipe,2026-09-25T14:29:38Z,23
q05,cub_a8c8d09197,0,Luís Felipe,2026-09-25T14:30:16Z,38
q05,cub_0767082add,0,Luís Felipe,2026-09-25T14:30:39Z,23
q04,san_4440885b30,0,Luís Felipe,2026-09-25T14:31:22Z,44
q02,sv_651336a6c4,0,Luís Felipe,2026-09-25T14:32:03Z,40
q02,sv_b8d2c80da5,2,Luís Felipe,2026-09-25T14:32:38Z,35
q05,cub_89803e0d22,0,Luís Felipe,2026-09-25T14:32:59Z,21
q04,san_0682797135,0,Luís Felipe,2026-09-25T14:33:30Z,31
q03,cub_c54949bb09,0,Luís Felipe,2026-09-25T14:33:49Z,19
q04,cub_b4e7969f47,0,Luís Felipe,2026-09-25T14:34:09Z,20
q02,san_8041328d59,0,Luís Felipe,2026-09-25T14:34:53Z,45
q03,cub_5fd1d7160a,0,Luís Felipe,2026-09-25T14:35:42Z,49
q02,sv_df847bdd1e,0,Luís Felipe,2026-09-25T14:36:00Z,18
q03,cub_75632e5681,0,Luís Felipe,2026-09-25T14:36:34Z,34
q04,san_b43ef5a7e1,0,Luís Felipe,2026-09-25T14:36:57Z,23
q05,sv_70b5fb2a9e,1,Luís Felipe,2026-09-25T14:37:36Z,39
q01,san_80730b79b7,0,Luís Felipe,2026-09-25T14:37:56Z,19
q01,sv_81789aaee1,0,Luís Felipe,2026-09-25T14:38:15Z,20
q01,cub_93be0b43c3,0,Luís Felipe,2026-09-25T14:38:35Z,20
q05,san_9b8754f5b2,0,Luís Felipe,2026-09-25T14:38:52Z,18
q05,sv_758239684f,1,Luís Felipe,2026-09-25T14:39:20Z,27
q05,sv_b8d2c80da5,0,Luís Felipe,2026-09-25T14:39:48Z,28
q01,san_020f4d07d6,0,Luís Felipe,2026-09-25T14:40:11Z,23
q04,cub_93be0b43c3,0,Luís Felipe,2026-09-25T14:40:33Z,22
q04,cub_81ad47f21e,0,Luís Felipe,2026-09-25T14:40:50Z,17
q01,cub_753014eb08,0,Luís Felipe,2026-09-25T14:41:08Z,18
q03,san_fa9ae68e1f,0,Luís Felipe,2026-09-25T14:41:31Z,23
q01,sv_758239684f,0,Luís Felipe,2026-09-25T14:42:04Z,33
q01,san_b93b880263,0,Luís Felipe,2026-09-25T14:43:18Z,74
q03,cub_fc3831b491,1,Luís Felipe,2026-09-25T14:43:46Z,28
q04,san_787b827e51,0,Luís Felipe,2026-09-25T14:44:12Z,26
q02,san_e71bfcf08a,0,Luís Felipe,2026-09-25T14:44:33Z,21
q05,san_80730b79b7,0,Luís Felipe,2026-09-25T14:44:52Z,20
q04,cub_046cac2e01,0,Luís Felipe,2026-09-25T14:45:11Z,18
q04,san_747103ae89,0,Luís Felipe,2026-09-25T14:45:36Z,25
q05,sv_76fb162dab,0,Luís Felipe,2026-09-25T14:45:58Z,22
q02,sv_6d5727fb12,1,Luís Felipe,2026-09-25T14:46:17Z,19
q02,cub_b4e7969f47,0,Luís Felipe,2026-09-25T14:46:49Z,31
q05,san_1b178c7457,0,Luís Felipe,2026-09-25T14:47:08Z,19
q04,san_0361932d96,0,Luís Felipe,2026-09-25T14:47:31Z,23
q01,sv_b8d2c80da5,2,Luís Felipe,2026-09-25T14:47:51Z,20
q04,san_3aaeb02bda,0,Luís Felipe,2026-09-25T14:48:11Z,20
q04,san_02f9f8cb9a,0,Luís Felipe,2026-09-25T14:48:33Z,22
q04,cub_bbb41b2d84,0,Luís Felipe,2026-09-25T14:48:59Z,26
q04,san_31603f8e29,0,Luís Felipe,2026-09-25T14:49:19Z,20
q03,cub_3aa38bc5f7,0,Luís Felipe,2026-09-25T14:49:39Z,20
