consulta,documento
q01,san_31603f8e29
q01,san_787b827e51
q01,san_89a217bd1e
q01,san_b93b880263
q01,sv_758239684f
q01,cub_046cac2e01
q01,cub_753014eb08
q01,cub_81ad47f21e
q01,cub_89803e0d22
q01,cub_93be0b43c3
q01,sv_81789aaee1
q01,sv_b8d2c80da5
q01,sv_651336a6c4
q01,san_020f4d07d6
q01,san_80730b79b7
q01,san_b43ef5a7e1
q01,san_802383566c
q02,san_3f6b262b49
q02,san_e71bfcf08a
q02,sv_5a4697c836
q02,sv_651336a6c4
q02,sv_6d5727fb12
q02,sv_df847bdd1e
q02,cub_44c4c9211a
q02,cub_b4e7969f47
q02,san_1b34499bbc
q02,san_210fda9d50
q02,sv_b8d2c80da5
q02,sv_70b5fb2a9e
q02,sv_5c24dc7807
q02,san_8041328d59
q03,cub_6d1fba4452
q03,cub_f1b81aa0f5
q03,cub_0c499fd134
q03,cub_1da16ed809
q03,cub_fc3831b491
q03,cub_046cac2e01
q03,cub_3aa38bc5f7
q03,cub_438f3ae0cb
q03,cub_5fd1d7160a
q03,cub_7521b479c8
q03,san_fa9ae68e1f
q03,cub_75632e5681
q03,cub_c54949bb09
q03,cub_a8c8d09197
q04,san_b074cda9ae
q04,cub_046cac2e01
q04,cub_753014eb08
q04,cub_81ad47f21e
q04,cub_89803e0d22
q04,cub_93be0b43c3
q04,cub_b4e7969f47
q04,cub_bbb41b2d84
q04,san_020f4d07d6
q04,san_02f9f8cb9a
q04,san_0361932d96
q04,san_0682797135
q04,san_3aaeb02bda
q04,san_747103ae89
q04,san_787b827e51
q04,san_9bf8c04af8
q04,san_a3bc6528b8
q04,san_b5cecbea4a
q04,san_31603f8e29
q04,san_802383566c
q04,san_4440885b30
q04,san_de3c1433fb
q04,san_b43ef5a7e1
q04,san_58f59b6a30
q04,san_7405abc167
q04,san_d06e01a2a9
q05,sv_5c24dc7807
q05,sv_70b5fb2a9e
q05,sv_e795fc704f
q05,sv_f53d4c2ca0
q05,cub_0767082add
q05,cub_6d1fba4452
q05,cub_89803e0d22
q05,san_1b178c7457
q05,san_1e22505f02
q05,san_2b0dc06538
q05,sv_76fb162dab
q05,san_80730b79b7
q05,san_9b8754f5b2
q05,cub_a8c8d09197
q05,sv_b8d2c80da5
q05,sv_758239684f
